təŋ,2,同銅桐筒筩童僮瞳曈朣𦏆犝艟罿潼峒穜絧衕憧彤橦茼
ləŋ,2,隆嚨籠曨朧瓏礱㰍窿霳豅癃龐龍農濃膿蘢儂穠𩅽醲癑帑
iəŋ,2,容蓉傭慵溶榕庸墉鏞鎔鄘鱅茸禺喁瑢絨肜融瀜駥茙戎
xəŋ,1,楓風豐灃酆烘麷蜂封葑丰烽鋒瘋峰
məŋ,2,𫎇濛瞢矇幪朦饛艨夢曚懜𡁏礞萌氓
xəŋ,2,紅馮渢洪虹鴻訌逢縫宏泓閎鞃
tsəŋ,1,宗蹤淙琮悰縱賨騣豵猣椶㚇鬷緫
kəŋ,1,公弓宫功工攻躬恭供龔蚣共
tʃəŋ,1,中終忠衷螽鍾鐘𦉂
tʃʰəŋ,1,充种沖珫㤝忡舂衝蹖摏憃
ɕiəŋ,1,兇胷凶匈洶恟訩兄
səŋ,1,松鬆淞忪彸嵩崧菘娀
tsʰəŋ,1,蔥聰驄璁悤䡯從
pəŋ,2,蓬篷芃逄朋鵬棚
tsəŋ,2,崇䕺叢從鏦樅潨
iəŋ,1,雍饔癰廱雝噰灉邕
tɕiəŋ,2,窮穹藭邛筇蛩銎𦭭
təŋ,1,蝀東凍冬鼕
tʰəŋ,1,通侗恫蓪
tʃəŋ,2,蟲爞重
kʰəŋ,1,空倥悾箜
ɕiəŋ,2,雄熊芎
əŋ,1,翁蓊
ləŋ,1,聾
ɕiɑŋ,1,香鄉薌膷
fɑŋ,2,黃皇房篁蝗凰魴潢隍坊簧湟璜鍠徨遑惶喤妨防煌
iɑŋ,2,陽楊暘鍚瘍揚颺羊洋佯痒徉
pɑŋ,2,傍螃膀滂磅雱彷尨哤龐瀧𥆙娏逄庬蒡
lɑŋ,2,朗狼榔桹莨蜋稂莨廊琅硠浪囊
tʃɑŋ,1,張章樟漳麞鄣璋嫜彰障粻
tɑŋ,2,唐塘堂棠螗螳餹搪溏鏜傏膛
tsiɑŋ,2,祥詳庠翔墻薔嬙檣戕
mɑŋ,2,茫芒忙鋩邙𥐞蘉盲硭虻蝱
siɑŋ,1,相箱湘廂緗襄驤鑲纕勷
kɑŋ,1,綱剛鋼岡罡罁棡
tɕiɑŋ,1,姜䗵䕬江茳杠豇缸矼扛釭舡肛
tɕʰiɑŋ,1,疆羌僵繮蜣腔殭椌
tsʰiɑŋ,1,蹌鏘斨鶬將槍蹡瑲
xɑŋ,2,杭頏亢航吭行桁肮
tʃɑŋ,2,長腸場萇觴鼚
liɑŋ,2,涼梁糧良䣼梁量亮
tʃʰɑŋ,1,昌菖倡猖閶倀
iɑŋ,1,秧鴦殃央泱
fɑŋ,1,方芳荒肓衁枋
tʃuɑŋ/tɕyɑŋ,1,莊樁妝裝
ʃɑŋ,1,傷商殤湯裼愓
tsɑŋ,1,臧贓牂鏦瑽淙跫
kʰuɑŋ,1,匡筐眶恇劻𨴑
ʃuɑŋ/ɕyɑŋ,1,霜孀驦鷞雙艭𢥠䉶
kuɑŋ,1,光胱洸珖桄觵
ɹ̠ɑŋ,2,攘穰瀼禳瓤
tɑŋ,1,當襠璫簹
ʃɑŋ,2,常嘗裳償鱨
tsʰɑŋ,1,倉創蒼滄瘡
uɑŋ,2,王亡忘望
kʰɑŋ,1,康穅亢躿
tʃʰuɑŋ/tɕʰyɑŋ,1,窗撞幢憃摐
pɑŋ,1,邦梆幫
tsiɑŋ,1,將漿螀蔣
sɑŋ,1,桑喪
uɑŋ,1,汪尪
ŋɑŋ,2,昂卭
tɕiɑŋ,2,强彊
ȵiɑŋ,2,娘孃
tʰɑŋ,1,湯
kuɑŋ,2,狂
ɕiɑŋ,2,降
tsɑŋ,2,藏
tʃuɑŋ/tɕyɑŋ,2,牀
ʃɿ˗,1,詩施尸屍蓍鳲邿
tsɿ,1,姿資貲茲滋鶿粢孜緇淄錙輜齍咨餈仔菑鼒劑鄑耔鎡
tʃɿ˗,1,之芝知支肢枝榰卮梔氏祇脂禔
sɿ,1,師私思司獅斯絲緦偲厮虒釃澌嘶撕𤺊
tʃʰɿ˗,1,癡笞鍉絺鴟褫蚩螭魑媸嗤匙
tʃɿ˗,2,遲池持馳箎墀踟泜蚳坻治
tsɿ,2,辭詞慈祠瓷茲磁茨辤
tsʰɿ,1,雌疪訾頾差𦙼
ʃɿ˗,2,時塒鰣蒔
fɘɪ,1,非飛揮扉輝妃徽暉霏翬騑緋褘痱腓厞楎菲誹灰恢悝脢詼虺鼲麾墮撝劘
mɘɪ,2,梅媒枚鋂苺禖眉嵋彌瀰縻楣湄醾蘼迷麛冞獼霉玫
uɘɪ,2,微薇韋違圍闈嵬巍幃桅為維惟帷危濰褘
uɘɪ,1,威葳蝛煨隈傀瑰隗偎痿緌蕤逶萎委荽
lɘɪ,2,雷罍纍羸欙虆縲擂瘰
kuɘɪ,1,歸規龜溈媯圭奎刲閨邽袿皈闚
kuɘɪ,2,葵逵夔馗頯騤戣暌睽
fɘɪ,2,回茴洄徊肥淝痱
tʃuɘɪ/tɕyɘɪ,2,垂箠錘倕陲
tʃuɘɪ/tɕyɘɪ,1,追鵻騅椎隹錐鎚
pɘɪ,2,裴陪培醅坏賠
tɘɪ,2,尵隤豗魋㿗
pʰɘɪ,1,胚丕駓邳秠伾㔻
tsʰɘɪ,1,崔催摧縗榱衰
tʰɘɪ,1,推蓷焞
pɘɪ,1,杯桮悲卑碑陂萆
kʰuɘɪ,1,魁窺虧盔
tʃʰuɘɪ/tɕʰyɘɪ,1,吹炊
sɘɪ,2,隨隋
sɘɪ,1,雖睢
tɘɪ,1,堆
ʃuɘɪ/ɕyɘɪ,2,誰
si,1,西棲犀胥糈諝需須鬚嬃綏雖
tɕi,2,祁奇騎旗棋淇蜞綦麒騏琪期祺其鰭䰇崎琦敧蚔軝錡岐歧耆示蚑踦剞蘄圻旂祈頎芪伎
ɕi,1,奚谿㜎兮徯鼷蹊豀醯嬉熙爔僖犧羲嘻曦巇嚱譆戲希稀睎豨鵗睎欷禧誒屎鸂郗
pi,2,皮疲羆脾埤陴鈹魮㮰紕貔毗比裨箄椑鼙膍笓鎞埤枇蚍猈箅
li,2,黎棃犂藜々黧瓈鸝貍狸梩離籬釐摛漓縭蘺䍦罹醨璃漦嫠驪纚酈氂麗釃蠡
i,2,移儀峓姨夷遺怡詒飴頣迤彝貤跠洟痍椸匜𨠑桋圯訑𩚉蛇扅台袲
tɕi,1,雞稽嵇筓幾譏饑禨磯璣畿機飢基期羈羇𤪌姬萁箕肌居乩
tsi,1,躋齎齏虀擠疽沮蛆菹狙苴趄砠且雎
ti,2,提嗁蹏梯隄鵜綈稊禔緹題騠鞮媞䬾褆罤
ȵi,2,泥兒霓麑䡚鯢倪猊臡疑尼柅怩嶷沂郳呢宜
i,1,衣依伊吚醫噫漪猗褘繄鷖椅欹黟
tsʰi,1,妻淒棲々悽萋郪趨
ti,1,低羝詆磾胝氐疷
ɕi,2,攜畦觿巂鑴酅
pʰi,1,批披㓟𦱔銔
tsi,2,齊臍蠐懠
tɕʰi,1,欺僛
si,2,徐
pi,1,陂
xaɪ,2,諧骸湝鞋孩
kaɪ,1,皆偕喈痎街階荄頦該陔垓
tʃaɪ/tsaɪ,2,柴祡豺儕才材裁財纔
taɪ,2,臺擡苔邰鮐薹台
tʃaɪ/tsaɪ,1,災哉栽齋
ŋaɪ,2,崖厓埃巖碞呆睚
paɪ,2,牌排俳篺棑𥱼徘
laɪ,2,來萊騋郲徠崃
ʃaɪ/saɪ,1,顋䰄䚡罳颸篩
faɪ,2,懷淮槐
tʃʰaɪ/tsʰaɪ,1,猜差釵
kʰaɪ,1,開楷□
ŋaɪ,1,哀挨唉
maɪ,2,埋霾
taɪ,1,獃
tʰaɪ,1,胎
kuaɪ,1,乖
ʃuaɪ/ɕyaɪ,1,衰
uaɪ,1,歪
fu,2,乎胡湖糊餬瑚葫醐鶘衚郛孚俘桴稃夫芙蚨鈇扶狐符弧趺苻鳧壺枹柎瓠鬍榑鄜涪
y,2,魚漁余於如輿畬旟與譽鴽袽樗摴璵洳餘愚于俞諛虞隅娛嵎盂渝竽濡愉揄榆楰獳襦繻羭窬瘉褕臾邘杅萸逾雩儒箊禺喁毹覦腴茹嚅薷踰𠍶瑜
tɕy,1,朱姝珠誅蛛駒洙株邾銖俱侏拘捄居裾櫧据椐豬車諸琚硃跦
tɕy,2,除蜍滁籧篨渠腒蘧蕖躇瀦儲醵衢戵劬蹰瞿𢊍癯朐絇幮鸜
ɕy,1,書舒虛噓墟伃妤歔紓攄㠊紆輸吁訏盱冔
ku,1,孤姑沽菰呱辜柧觚罛蛄苽箍鴣
fu,1,夫膚呼敷幠莩罦痡柎玞砆䴸嘑膴跗滹
tɕʰy,1,區驅軀嘔嶇樞敺貙咮祛袪阹呿
u,2,無吾梧吳毋郚蕪鼯齬浯蜈摹模嫫謨膜
pu,2,蒲逋蒱晡餔酺匍葡菩莆
u,1,巫烏誣污杇於惡鄔嗚洿
y,1,迂淤瘀
kʰu,1,枯刳骷
ɕy,2,藷殊殳
pʰu,1,鋪
lɵʊ,2,樓僂髏螻䝏摟蔞婁盧蘆纑婁瀘轤壚櫨艫顱矑鱸鸕駑玈孥奴鏤廬驢臚蘆䕡閭櫚鑪爐
iɵʊ,2,尤由油遊游猶郵庮疣蝣斿訧鮋猷輶蕕𩹊楢
tʃɵʊ,2,籌儔惆酬醻犨裯綢稠仇讎疇售幬譸椆𥺝躊
tɕiɵʊ,2,求裘毬逑艽捄觩絿球璆鏐賕厹頄銶虯俅鼽
sɵʊ,1,蒐廋䬒溲𢯱䤹疏酥梳蔬叟蘇鄋𩜯䐹
tsɵʊ,1,鄒棷鯫騶諏緅菆租蒩鄹棸陬
xɵʊ,2,候喉浮餱鍭罘芣不篌緱猴桴枹蜉紑鄇
tɵʊ,2,徒途塗荼圖駼菟屠瘏涂鵌頭投酴骰
mɵʊ,2,謀侔䏬矛麰鍪蟊瞀髳
liɵʊ,2,劉瀏留流瘤遛榴琉旒騮飀硫
tsʰiɵʊ,1,秋啾鞦楸湫鶖鰌揫緧萩
tʃɵʊ,1,周週州洲舟輈賙啁侜盩婤
iɵʊ,1,憂悠幽優呦攸麀耰鄾嚘滺
kɵʊ,1,勾鉤鬮韝袧篝軥溝褠
ŋɵʊ,1,謳歐甌鷗彄摳芤漚區
tsɵʊ,2,愁篘鋤耡騶徂雛殂
siɵʊ,1,修羞鎈脩滫
ɹ̠ɵʊ,2,柔揉蹂猱
tsʰɵʊ,1,初粗芻搊
ɕiɵʊ,1,休咻庥貅
tɵʊ,1,兜都闍𣘛
tsiɵʊ,2,囚噍遒酋蝤
pɵʊ,2,裦抔泅掊
tʃʰɵʊ,1,抽瘳紬妯
tɕiɵʊ,1,鳩樛龜糾
tɕʰiɵʊ,1,𠀉邱蚯坵
piɵʊ,1,彪
tʰɵʊ,1,偷媮
ȵiɵʊ,2,牛
ʃɵʊ,1,收
xɵʊ,1,齁
tiɵʊ,1,丢
miɵʊ,2,繆
iɑ,1,丫椏枒鴉呀
tɕiɑ,1,家嘉加枷笳迦瘕葭珈豭痂跏佳
ʃɑ/sɑ,1,沙裟鯊畬賒紗砂㸺奓𤙱杉𤵌
pɑ,1,巴葩琶豝爬芭杷羓笆疤
uɑ,1,蛙媧哇漥騧鼃汙窊娃剜洼
tʃʰɑ/tsʰɑ,1,差叉杈車槎扠
ɕiɑ,2,霞遐瑕蝦騢
iɑ,2,牙芽衙涯琊
tʃɑ/tsɑ,2,茶查
mɑ,2,麻蟆痳
fɑ,2,華划驊
fɑ,1,花譁華
tʃɑ/tsɑ,1,樝渣
pɑ,2,筢鈀扒
kʰuɑ,1,誇夸
tɕiɑ,2,茄伽
lɑ,2,拏
tʃuɑ/tɕyɑ,1,撾檛髽
ɕiɑ,1,鰕疨
mɑ,1,𥄲媽
siɑ,2,斜
kuɑ,1,瓜
tʰɑ,2,他
tʃuɑ/tɕyɑ,2,瘸
ie,2,耶爺捓鋣
ə,2,而兒栭胹鮞輀洏陑耏
tsie,1,嗟𦊨苴
ʃə,2,蛇佘
tie,1,爹㸙
sie,2,邪衺
tʃə,1,遮
sie,1,些
ʃə,1,奢
ɕye,1,鞾
tɕie,2,茄
lin,2,林霖臨淋琳鄰麟鱗璘粼嶙燐轔凌陵棱綾蔆崚輘鯪淩令靈零齡聆伶翎囹舲泠鴒瓴櫺醽苓軨麢酃鈴𧕅玲遴楞箖笭痳麐燐
in,1,陰音喑瘖愔鶯英櫻鸚纓嬰攖嚶韺瓔霙甖罌瑛鷹膺譍應蠅因茵姻闉氤湮堙駰禋殷慇癭
yn,2,雲耘紜芸䢵篔沄澐云妘筠匀畇榮罃縈塋嶸瑩營鍧螢滎熒瀠蕓蠑
tsən,1,爭箏簪崢琤錚鬇尊罇蹲嶟遵榛臻踆竣逡溱蓁𠬍憎罾橧矰鄫鄫鬙嶒增曾猙鱒睜捘丁
tʃən,2,陳臣塵程酲成誠郕盛呈裎承丞懲澂沈忱湛諶煁
min,2,名明鳴盟冥溟蓂螟銘暝嫇瞑緡民岷瑉閩鄍瑉
in,2,銀寅夤垠嚚訚狺齗迎盈楹嬴瀛籝贏吟淫霪仍
pin,2,平苹坪栟枰評貧嬪頻嚬蘋顰憑馮凭屏瓶萍帡荓
tʃən,1,真珍瞋振甄鍼箴琛椹砧斟貞征正偵鉦楨徵癥蒸烝鱵畛
fən,2,橫黌紘焚豶羵墳枌汾朌幩羒鼖蕡濆蚡蚠餛𪏆魂渾褌
tɕin,1,金今禁襟紟京驚鯨荆斤筋經涇巾矜兢釿觔
fən,1,分氛芬葷棼雰紛轟薨甍訇昏婚閽噴棻餴睧岎
pin,1,賓濱彬豳斌瀕蠙兵并掤冰繽鑌臏
ɕyn,1,薰醺曛熏焄纁勳燻塤
sən,1,生甥牲笙參森蔘僧飱孫蓀
tɕyn,1,君軍皸均諄鈞囷菌迍扃𡋙駉肫焞莙麕
ʃən,1,申伸紳身呻娠升昇勝聲深陞
tən,1,登豋燈簦敦墩暾啍惇燉
sin,1,新薪詵辛莘侁駪甡星腥鯹惺篁猩騂心
tɕin,2,禽擒琴衾檎芩勤懃芹黥擎檠勍廑𠘅㡵
tən,2,滕藤縢螣謄窀騰豚屯軘飩純㬾疼魨
sən,2,荀廵循旬恂馴紃詢珣郇峋
tsin,2,情晴餳秦螓尋𩱕潯燖鐔鄩蟫
ʃən,2,神脣辰晨漘宸乘塍繩澠
tsʰin,1,青清鯖駸綅侵親祲寖
ɕyn,2,純鶉蒓錞醇㨃
tɕyn,2,羣裠煢嬛瓊頵麇
tin,2,亭庭延蜒停渟霆聤葶筵
kən,1,庚耕羹更賡鶊秔根跟粳
tsin,1,精睛旌晶菁蜻津腈
ɹ̠ən,2,人仁紉妊壬任礽
lən,2,倫掄輪淪綸蜦䑳能論崙
kʰuən,1,坤昆崐鯤髡琨鵾焜晜
pən,1,祊奔賁塴犇崩
tɕʰyn,1,春椿傾杶頃輴
tʃʰən,1,稱蟶郴檉頳竀偁
kʰən,1,阬牼鏗硜慳
ɕin,1,欣昕興馨歆訢
xən,2,衡蘅莖珩恒鞃痕
tin,1,丁釘玎仃汀町叮疔朾
ɕin,2,行邢刑形鉶陘硎型娙陘侀
tsən,2,層曾振桭瞪橙岑涔存
tsʰən,1,撐槍鎗傖皴村邨
pən,2,彭蟛棚朋鵬盆湓澎膨
mən,2,門捫們璊甿穈
uən,2,聞文紋蚊雯閺
uən,1,緼氤蕰温瘟
tɕʰin,1,卿輕欽嶔
ȵin,2,凝鬡獰
pʰən,1,烹怦伻
tʰin,1,廳桯
kuən,1,肱觥
pʰin,1,娉俜
tʰən,1,吞
ŋən,1,恩
xən,1,亨
fan,2,凡帆還轘鐶鬟寰鍰圜闤環璠蹯墦燔膰藩蕃樊繁蘩礬袢
xan,2,韓寒咸函銜鹹緘諴瑊椷鵮含々涵唅谽㟏閒蕑閑嫺鷳患憪邗
lan,2,南男藍籃枏婪襤諵嵐難闌欄瀾蘭攔幱讕斕惏
kan,1,甘柑泔蚶干竿奸虷乾玕肝艱姦菅監犴疳癇杆閒
tan,2,談譚痰潭餤覃郯惔壜曇醰蟫鐔𨝸彈檀壇繵
tsan,2,讒毚攙欃鑱饞巉蠶慙鐕孱潺殘酁
tan,1,丹單襌鄲殫簞耽耼湛酖擔儋妉眈
tʰan,1,灘攤嘽癉歎探貪癱醓
uan,1,彎豌灣
ŋan,1,安鞍菴諳䳺盦弇
ʃuan/ɕyan,1,珊跚姍刪潸芟𢹞
xan,1,邯酣憨豻翰幹汗鼾貛
san,1,三衫杉縿𩌰山
pan,1,班䰉頒斑般殷瘢螌𧇥
kʰan,1,看刊堪龕戡慳
fan,1,番翻幡旙繙反
tsʰan,1,參驂餐摻䱗
pʰan,1,攀板眅
kuan,1,關鰥瘝癏
tsan,1,篸毿
man,2,蠻漫瞞
man,1,鞔
tan,1,甔
uan,2,頑𤻆
ŋan,2,顏
tɔn,1,端湍篅耑
xɔn,2,完莞桓萑紈刓絙荁丸
pɔn,2,般盤蟠鞶蹣磐胖弁繁縏𠽲
mɔn,2,饅鏝謾鰻
lɔn,2,鸞鑾巒欒圝
kɔn,1,官觀冠棺倌
tɔn,2,團漙摶慱𩜵
xɔn,1,歡驩讙
tsɔn,1,攢鑽巑
tsʰɔn,1,攛
kʰɔn,1,寬
pʰɔn,1,潘拌
sɔn,1,酸
pɔn,1,搬
tsiɛn,2,全錢前泉痊荃銓牷鬋媊詮筌潛撏熸爓燂𤑶
yɛn,2,元原園源沅援黿嫄騵爰垣洹轅湲猨媛袁鉛員圓緣蝝沿然芄丸䢵燃
tʃɛn,1,占瞻拈詹覘痁黏霑佔苫阽襜氈澶鸇鱣邅饘旃栴怗讝
liɛn,2,連蓮攣憐聯漣簾濂匳鐮籨廉鰱薟帘薕
iɛn,2,延筵綖埏梴蜒鋋檐鹽閻炎郔
tɕʰiɛn,1,愆岍汧騫褰牽鶱鰜謙諐雃
tɕyɛn,1,專捐甎鵑顓蜎蠲涓娟悁鞙鄟鱄
siɛn,1,先仙鮮宣遷躚秈纖暹殲銛
tɕyɛn,2,傳船權遄拳顴棬鬈踡卷弮輲歂
tsiɛn,1,煎牋湔韉戔鐫籛朘濺尖漸䘒
iɛn,1,煙燕焉鄢咽胭嘕嫣閹淹醃厭崦酀菸𠝢
yɛn,1,鳶淵冤鴛鵷眢髯蚦䩩衻棩
ɕyɛn,1,萱喧暄揎諼貆諠
tsʰiɛn,1,千遷芊韆阡仟悛籤僉噞憸
piɛn,1,邊籩編扁鞭鯿砭萹鯾蝙
tiɛn,2,田填滇佃闐畋恬甜鈿嗔
tɕiɛn,2,乾虔黔箝鈐鉗雂
tɕiɛn,1,肩堅豜蒹兼鶼犍鞬尲
piɛn,2,楩駢便平軿骿胼楄
siɛn,2,旋涎璇嬛還儇
ȵiɛn,2,年嚴鮎
tɕʰyɛn,1,川穿玔釧圈
ʃɛn,2,蟬禪嬋蟾單
tʃɛn,2,廛瀍躔纏
ɕiɛn,2,賢弦絃舷嫌
miɛn,2,眠棉綿㒙
ɕyɛn,2,懸縣椽元
tiɛn,1,顛巔瘨癲
ɕiɛn,1,軒掀羶祆
pʰiɛn,1,篇偏翩蹁
tʰiɛn,1,天添
ȵiɛn,1,研妍
tʃɑʊ,1,招昭朝釗
sɑʊ,1,騷梢筲捎䈾髾鞘抓臊繅艘颾弰綃艄
siɑʊ,1,蕭消宵瀟霄硝魈逍箾蛸簫銷蠨翛
kɑʊ,1,高篙皋橰羔膏餻鼛櫜膠㬔轇
tɑʊ,2,陶桃綯逃濤萄檮翿騊淘鼗咷駣
iɑʊ,2,堯摇謡遥姚瑶窯徭猺珧僥蕘嶢嬈褕洮譊媱
ɕiɑʊ,1,梟鴞枵僥驍嘵膮哮虓囂歊痚蹺
ŋɑʊ,2,敖翱嗷遨鷔獒謷鼇螯璈熬磝鏖爊
tɕiɑʊ,2,喬橋荍翹僑鷮蕎𧄍
tɕiɑʊ,1,交郊蛟茭鮫嬌芃
liɑʊ,2,聊遼寥僚撩嘹寮膋鷯燎橑敹膫
tsɑʊ,2,曹槽嘈漕艚螬䏆慒巢樔
piɑʊ,1,標杓穮儦瀌麃鑣滮
iɑʊ,1,邀夭喓妖徼葽要腰么
lɑʊ,2,勞醪牢簩峱呶怓澇撈𤎤
tsiɑʊ,1,焦蕉椒燋鷦噍僬膲
tʰɑʊ,1,叨韜滔絛慆饕謟
ʃɑʊ,2,迢韶髫軺鞗岧
ɹ̠ɑʊ,2,撓饒猱橈澆饒襓
tiɑʊ,2,調條蜩鰷苕佻
xɑʊ,2,豪毫號濠籇壕
tiɑʊ,1,刁雕凋貂彫𦨣鵰
tʰiɑʊ,1,挑銚祧惀跳
pɑʊ,2,庖匏炮咆跑袍刨
ɕiɑʊ,2,肴爻崤淆烋
mɑʊ,2,毛旄髦芼茅
pɑʊ,1,包胞裦疱
pʰiɑʊ,1,飄漂飆僄幖薸螵嘌
tɕʰiɑʊ,1,敲骹墝尻熇磽撬
tʃɑʊ,2,潮朝晁鼂嘲
miɑʊ,2,苗描貓錨
tsɑʊ,1,遭糧灱䐬
tsʰɑʊ,1,鈔訬操耖
pʰɑʊ,1,拋泡脬
xɑʊ,1,蒿薅嘷
tɑʊ,1,刀舠㣼
tsiɑʊ,2,樵憔譙
tʃʰɑʊ,1,超弨
piɑʊ,2,瓢嫖
ʃɑʊ,1,燒
tsʰiɑʊ,1,鍫
ŋɑʊ,1,坳
to,1,多
to,2,沱鼉駝佗陀酡紽跎䭾驒
o,2,禾娥蛾訛鵝峨俄睋莪吪哦囮
kʰo,1,科柯窠苛蝌訶軻珂痾牁
so,1,蓑梭莎娑傞挱𥆝唆
mo,2,磨魔麽摩𩞁摹模謨嫫膜蟆
xo,2,和何荷河龢荷
lo,2,羅鑼蘿螺籮驘那攤蠃囉覶挪腡
tsʰo,1,搓蹉磋瘥瑳鹺嵯痤齹
po,1,波嶓番陂玻菠
ko,1,歌戈哥鍋過薖
o,1,阿窩萵䋪
po,2,婆皤鄱
pʰo,1,坡頗
tʰo,1,拖他
xo,1,呵
tɕio,2,茄
təŋ,3,懂董動挏洞
iəŋ,3,勇湧俑擁壅宂甬踊氄慂蛹茸
pʰəŋ,3,棒覂菶琫玤唪䩬
kəŋ,3,拱栱珙蛬拲鞏輁嗊㘢共
tʃəŋ,3,冢腫尰重踵種
ləŋ,3,隴壟籠攏努弩砮篢
məŋ,3,懵蠓矇幪猛蜢
xəŋ,3,奉汞澒項諷哄
tsəŋ,3,總傯𥡥𩮰憁
səŋ,3,聳悚竦嵸慫
kʰəŋ,3,孔空恐礦
əŋ,3,蓊塕滃
tʰəŋ,3,桶侗統
ɕiəŋ,3,詾洶
pəŋ,3,蚌
tʃʰəŋ,3,寵
ɕiɑŋ,3,享饗響蠁嚮餉晌
fɑŋ,3,倣恍慌幌晃仿滉榥紡昉㬻怳旊放䀮𧧢訪舫
uɑŋ,3,枉罔網魍惘輞往菵
tɑŋ,3,黨讜簜蕩曭盪𣎲碭崵
pɑŋ,3,榜蒡蚌棒髈綁氆
iɑŋ,3,飬痒鞅坱泱瀁
siɑŋ,3,想像橡象潒鮝
sɑŋ,3,爽顙磉磢嗓塽
tʃɑŋ,3,掌長杖丈仗
tʰɑŋ,3,儻帑惝倘
tʃʰɑŋ,3,廠敞氅昶
liɑŋ,3,兩緉魎輛倆
tɕʰiɑŋ,3,襁彊鏹勥繦
mɑŋ,3,莽蟒漭
lɑŋ,3,朗曩𣚠
tsiɑŋ,3,獎蔣槳
tsʰɑŋ,3,創撞戇
ɹ̠ɑŋ,3,壤攘穰釀
ʃɑŋ,3,賞上
kuɑŋ,3,廣獷
kʰɑŋ,3,慷沆骯
tsɑŋ,3,髒
ȵiɑŋ,3,仰
tɕiɑŋ,3,講
ŋɑŋ,3,盎
tsɑŋ,3,駔
kɑŋ,3,港
xɑŋ,3,項
tsʰiɑŋ,3,搶
ʃɿ˗,3,史始矢使豕弛氏豸廌諟駛是視市恃舓𦳊杝
tʃɿ˗,3,只抵咫指紙黹㫖芷徴祉址阯枳沚厎軹止坻畤痔
tsɿ,3,子紫梓姊滓秭笫胏耔峙庤
tsʰɿ,3,此泚玼佌訿訾佌
tʃʰɿ˗,3,侈恥齒雉哆袲
sɿ,3,死仕俟耜姒祀涘汜似士禩
fɘɪ,3,匪篚斐菲棐棑悱蜚誹朏虺卉滙琲悔
fɘɪ,3,賄毀燬頮靧
uɘɪ,3,尾偉葦韙亹煒韡瑋暐寪鄬委唯蒍𨘏洧鮪壝蘤繠蘂猥隗腇趡諉緯
kuɘɪ,3,詭揆軌晷鬼匭宄頍簋跬傀癸巋垝氿
lɘɪ,3,壘藟絫樏雷儡鮾礧磊
tsɘɪ,3,觜嶲㭰
mɘɪ,3,美每浼
tʃuɘɪ/tɕyɘɪ,3,棰捶箠
tsʰɘɪ,3,漼璀
pɘɪ,3,倍蓓
tʰɘɪ,3,骽腿
ʃuɘɪ/ɕyɘɪ,3,水
kʰuɘɪ,3,跪
tɘɪ,3,躉
ɘɪ,3,偯
si,3,洗徙髓兕枲屣璽縰瀡蓗蹤釃糈諝湑楈葸
i,3,以𠋣𦂶已苡矣𢰤踦匜𨪆迤苢顗𬃪扆𱌡
li,3,李里裹履娌鯉俚邐禮澧醴膂侣旅吕祣蠡
ti,3,抵底柢邸詆牴弟坻悌娣砥弤疷軧泜
ȵi,3,擬蟻薿瀰艤旎𦰫禰伱苨嶷
pʰi,3,鄙妣秕秠匕否痞嚭牝
tɕi,3,紀几己妓企技跂稽幾麂跽
tɕʰi,3,豈啟綮棨起芑戺圯杞屺
pi,3,彼比俾髀婢庳庀被陛䠋
mi,3,米眯靡敉羋弭
tsi,3,薺濟癠泲咀齟
tʰi,3,體涕醍遞
ɕi,3,喜
tsʰi,3,取
xaɪ,3,海醢亥頦駭蟹駴獬澥醢薢
kʰaɪ,3,楷鍇愷鎧塏霼
ŋaɪ,3,矮騃欸靄藹
tʃʰaɪ/tsʰaɪ,3,采彩綵宷䰂採
tʃaɪ/tsaɪ,3,宰載在罪𦭧廌崽
laɪ,3,乃癗嬭
taɪ,3,紿駘怠待殆歹
kuaɪ,3,拐柺夬
kʰuaɪ,3,磈塊蒯
paɪ,3,擺倍捭
kaɪ,3,改解
maɪ,3,買蕒
ʃaɪ/saɪ,3,灑
tʃʰuaɪ/tɕʰyaɪ,3,揣
tʰaɪ,3,奤
fu,3,府撫虎廡腐斧翮輔甫脯俯腑琥拊簠甒滸憮莆黼膴瞴郙楛嫵弣怙扈父户祜芐𣶉釜鄠
y,3,語與圄茹予圉藇鱮嶼籞敔宇禹瑀乳愈羽麌傴庾窳詡栩俁雨鄅楰齲噳癒醹蘂
tɕy,3,主矩炷麈窶踽拄柱擧煑渚褚楮莒筥羜苎㝉伫𫎓紵鉅苣柜秬椇翥
ɕy,3,許緒序敘黍鼠暑冔墅杼癙溆煦樹豎裋
ku,3,鼓古股賈罟瞽蠱詁酤盬鼓牯羖估骰嘏
u,3,五伍舞武侮午鵡儛仵塢隖鄔碔
pʰu,3,普譜圃浦溥
tɕʰy,3,杵處去
kʰu,3,苦
ȵy,3,汝女
pu,3,補簿部
lɵʊ,3,魯虜滷縷艣僂嶁塿簍櫓
iɵʊ,3,有友莠酉誘羑牖卣槱黝右懮
tɵʊ,3,斗枓阧蚪黈稌肚覩堵賭杜
kɵʊ,3,苟狗耇垢枸笱郈㸸岣
tɕiɵʊ,3,九久韭糾赳玖舅臼咎灸糺桕
mɵʊ,3,畝牡某拇母姆
xɵʊ,3,否吼阜缶後婦偩負厚
sɵʊ,3,數藪叟𥈃醙擻籔
ȵiɵʊ,3,狃紐鈕杻忸扭
ŋɵʊ,3,偶耦藕毆嘔
tsɵʊ,3,走掫趣祖組珇阻俎沮
liɵʊ,3,柳綹罶懰
tʃʰɵʊ,3,丑醜侴
ʃɵʊ,3,守首手受綬
pʰɵʊ,3,剖蔀瓿掊培
tʃɵʊ,3,肘帚紂箒
kʰɵʊ,3,口叩釦
tsʰɵʊ,3,楚礎嗾
ɕiɵʊ,3,朽糗
tʰɵʊ,3,土吐
tsiɵʊ,3,酒
ɹ̠ɵʊ,3,楺
siɵʊ,3,滫
iɑ,3,雅庌
tɕiɑ,3,賈假檟斚嘏瘕
mɑ,3,馬瑪碼榪
ɕiɑ,3,厦下夏
kuɑ,3,寡剮
kʰuɑ,3,踝銙髁
tʃɑ/tsɑ,3,鮓痄
pɑ,3,把
tɑ,3,打
lɑ,3,那
uɑ,3,瓦
ŋɑ,3,啞
ʃɑ/sɑ,3,社
ʃuɑ/ɕyɑ,3,耍
kʰɑ,3,卡
tʃɑ/tsɑ,3,咱
ie,3,也野治
ə,3,耳駬珥爾邇餌洱
sie,3,寫炧瀉䥱
tʃə,3,者赭
ɹ̠ə,3,惹若
tʃʰə,3,撦哆
tsie,3,姐毑
ʃə,3,捨舍
tsʰie,3,且
mie,3,乜
lin,3,領嶺廪懔稟凛檩袊
tʃən,3,拯軫賑畛胗紾診眕袗㐱縝辴稹眹脤枕𢀷整黰鬒晸䪴疹朕
in,3,飲引紖蚓靷殷影穎潁癭郢隱癮
tɕin,3,景頸警憬璟㯳境儆緊謹槿堇近錦痙瑾㯋
ʃən,3,沈審淰諗瀋葚瞫嬸腍訦甚哂蜃腎吮矧邥
uən,3,穩藴刎吻抆稔剄韞蕰緼
pin,3,丙炳怲邴秉餅屏併臏牝竝稟迸柄
min,3,敏閔憫黽泯皿嫇茗酩鼆？
kən,3,梗哽耿骾綆褧郠顈亙
sən,3,省眚㾪筍簨損榫
tʰin,3,挻梴艇鋋莚脠珽娫頲町
kʰuən,3,稇閫壼悃捆梱輥焜
yn,3,永允隕殞狁霣吮惲尹
kuən,3,衮滚緄棍鯀純輥蓘睔
tɕyn,3,準隼箘窘菌冏絅泂詗炯
ɹ̠ən,3,忍餁荏袵恁涊
fən,3,粉墳蚡忿坋渾混
tən,3,等沌遯坉𣎴戥
ɕyn,3,迥盾楯輴瞬
pən,3,本畚笨
tʃʰən,3,逞騁闖
kʰən,3,肯墾懇礦
tsən,3,撙噂僔鱒齔怎
ɕin,3,杏幸荇涬婞悻
tsin,3,井靜靖盡儘
tin,3,鼎頂酊
pʰin,3,品鞞
tɕʰyn,3,頃蠢惷
sin,3,醒省
tsʰin,3,請寢
tsʰən,3,齔忖
lən,3,冷
tɕʰin,3,謦
xən,3,很
fan,3,反返飯範犯范軓
kan,3,敢感撼橄噉揀簡柬艦轞檻減趕
tʰan,3,坦亶袒𤺺疃毯禫萏髧菼紞嗿𪐨贉僤膻
xan,3,罕暵旱稈悍限僩睅𢢀闞窞頷菡喊撊
tsan,3,斬豏棧醆僝琖輚趲瓚槧鏨歜𦈻盞欑
tsʰan,3,產剗滻嵼慘糝黲黮㦫寁摻湛剷丳
lan,3,覽擥欖赧戁矕懶纜
kʰan,3,侃𧗤窾笴坎欿轗款砍𢩆
pan,3,板眅鈑伴坂昄
ŋan,3,闇眼黯
tan,3,膽憺澹蜑誕但
uan,3,晚娩輓
san,3,繖散算桚
man,3,懣滿
ʃuan/ɕyan,3,澘
tɔn,3,短斷疃
ɔn,3,婉宛琬畹踠菀蜿桉盌脘捥惋
kɔn,3,管館琯痯綰斡
kʰɔn,3,盥浣晥莞款
tsɔn,3,纂纘攢酇篹趲篡籫
lɔn,3,煖卵
xɔn,3,緩
mɔn,3,滿
tsiɛn,3,翦踐戩鬋吮雋棧錢譾漸
iɛn,3,衍演兖輦晛戭𧍢睍偃鰋鼴蝘堰掩黶揜奄渰錟罨沇鄻𤗎
siɛn,3,選尟癬跣蘚毨燹姺獮洗譔銑僎
yɛn,3,冉染苒阮遠苑菀蝡碝耎輭軟瓀
ɕiɛn,3,顯峴蜆韅獫險幰俔玁
miɛn,3,冕免沔緬勉湎眄俛愐勔
tɕʰiɛn,3,歉芡慊嗛遣繾謇蹇膁譴
tɕyɛn,3,轉剸卷瑑鄟羂撰
piɛn,3,扁諞褊惼艑碥貶
ʃɛn,3,閃陝善墠僤燀鱓熯
tɕiɛn,3,檢儉繭襺鍵鞬筧楗揵梘鹼
tɕʰyɛn,3,犬喘舛畎荈圈
tʃɛn,3,展蕆颭輾樿皽
tʰiɛn,3,忝腆？㥏殄淟餂
tiɛn,3,典點玷簟
ɕyɛn,3,鉉泫烜咺盾
tʃʰɛn,3,闡幝諂
tsʰiɛn,3,淺俴
pʰiɛn,3,匾
ȵiɛn,3,儼巘𨋁甗撚瓛讞研
liɛn,3,臉斂瀲臠襝
tʃɑʊ,3,沼肇趙兆旐
tɕiɑʊ,3,矯蹻蟜皎姣齩佼皦譑撟䚩絞狡攪鉸鱎敿繳㽱筊餃
miɑʊ,3,杳窅渺眇緲杪淼秒藐窈媌訬鷕
tsɑʊ,3,早皁藻澡璪繰棗𧎮爪蚤找
kɑʊ,3,稾槁鎬縞杲暠藁皜
pɑʊ,3,飽鮑保寶葆堡褓鴇抱
tɑʊ,3,倒道島禱禂擣稻
lɑʊ,3,老惱腦潦䕩瑙恅栳澇
ɹ̠ɑʊ,3,擾繞遶嬈夭撓殀獶
liɑʊ,3,了𧘈蓼瞭繚燎橑䝤
pʰiɑʊ,3,縹摽殍標皫褾㟽醥慓瞟
tsʰɑʊ,3,草煼造燥懆訬騲慅吵
ȵiɑʊ,3,鳥裊嬲褭嫋蔦
tʰiɑʊ,3,窕挑朓佻𨱵㨄
siɑʊ,3,小篠窱謏
mɑʊ,3,卯昴茆媢
kʰɑʊ,3,考栲薧拷燺
ŋɑʊ,3,襖媪燠抝
tsʰiɑʊ,3,悄愀湫
ʃɑʊ,3,少佋紹
piɑʊ,3,表裱
tʰɑʊ,3,討套
tsiɑʊ,3,勦々
sɑʊ,3,埽嫂璅繅稍
xɑʊ,3,好昊皓浩灝皞顥
ɕiɑʊ,3,曉
tɕʰiɑʊ,3,巧
tiɑʊ,3,掉
pʰɑʊ,3,跑
to,3,朵垛柁墮媠拕嶞惰鬌躲𦖋
lo,3,蠃娜裸𧝹蓏卵那儺
kʰo,3,可哿坷笴舸軻砢𥰮
ko,3,果裹顆蜾輠
mo,3,麽母姥姆
so,3,鎖瑣娑所
xo,3,火夥荷禍
pʰo,3,頗叵跛
tsʰo,3,脞瑳挫
ŋo,3,我騀硪
tʰo,3,妥嚲
po,3,簸
tso,3,左坐
to,3,哆
təŋ,5,洞凍棟蝀動
xəŋ,5,鳳諷哄蕻鬨賵俸縫奉
səŋ,5,送宋訟頌誦
tʃəŋ,5,眾仲種中重
tsəŋ,5,縱綜瘲從糭
kəŋ,5,貢贛供共䇨
məŋ,5,夢幪鄸孟
kʰəŋ,5,控空鞚
ləŋ,5,弄哢怒
iəŋ,5,用雍㙲
əŋ,5,甕齆
tʰəŋ,5,痛統
tʃʰəŋ,5,銃
ɕiɑŋ,5,向餉曏萫
tʃɑŋ,5,帳仗障漲瘴脹嶂丈杖
tʃʰɑŋ,5,唱暢鬯悵韔
iɑŋ,5,漾樣恙煬養颺怏瀁
tɑŋ,5,宕擋碭當盪蕩
uɑŋ,5,望朢妄王旺
kʰuɑŋ,5,況貺曠壙纊況
liɑŋ,5,亮諒量掠兩倞
tɕiɑŋ,5,降絳洚虹
pɑŋ,5,謗傍徬塝蚌
kʰɑŋ,5,抗亢炕伉
tsɑŋ,5,臓葬藏奘
tsiɑŋ,5,醬將匠
siɑŋ,5,相像象
ɹ̠ɑŋ,5,讓釀饟
lɑŋ,5,浪閬誏
ʃɑŋ,5,尚上
kuɑŋ,5,誑迋廣
xɑŋ,5,巷行桁項
tsʰiɑŋ,5,愴㦼
fɑŋ,5,放舫訪
tʃʰuɑŋ/tɕʰyɑŋ,5,剏憃創撞
tʃuɑŋ/tɕyɑŋ,5,壯狀
ȵiɑŋ,5,仰
sɑŋ,5,喪
tʰɑŋ,5,摥
kɑŋ,5,掆扛
pʰɑŋ,5,胖
ʃɿ˗,5,示始嗜試諡侍使施豉誓筮噬逝勢世澨弒視恃是諟柿氏市眂拭軾式
tʃɿ˗,5,志至智置寘治忮觶致緻輊值識誌幟咥懫躓熾鷙織痣贄遲饎制製掣懘淛晳懥晰疐䏯
tsɿ,5,自字寺嗣牸𦍺積孳胾骴飼漬廁恣峙巳
sɿ,5,四駟肆肂笥食伺泗事思柶祀似士仕俟姒耜涘汜
tʃʰɿ˗,5,滯彘稺翅𥭊窒雉
tsʰɿ,5,賜次絘刺佽眥柴莿
fɘɪ,5,會翽濊繪噦悔廢肺癈穢誨脢吠晦喙痗薉惠蕙慧嘒蟪劌費痱卉諱䠊沸翡芾屝穗恚彗疿匯
uɘɪ,5,未味慰胃畏渭謂尉罻緯魏蔚為位餧偽諉衛喟𧍫熨𤈫躗褽
pɘɪ,5,貝狽被鼻臂避備庇畀痹帔賁泌贔痺毖閟祕奰比背輩焙敝獘斃幣淠閉嬖唄邶笓弊蔽陛倍婢
tsʰɘɪ,5,翠萃瘁粹睟祟誶出碎淬倅晬焠瀣毳脆啐
pʰɘɪ,5,佩配悖孛誖北轡譬沛茷旆珮霈媲𡚱
mɘɪ,5,妹昧眛瑁媚寐魅沬謎袂韎
lɘɪ,5,內耒纇酹累類汭蜹慮屢𢑥芮枘𥖼誄
kʰuɘɪ,5,愧簣饋蕢憒潰闠繢聵瞶餽
tɘɪ,5,對碓憝鐓隊敦䨴蜼縋懟駾𠏮兌
sɘɪ,5,遂隧燧穟璲檖襚旞邃術嵗繸
tsɘɪ,5,醉最蕞槜足罪
tʃuɘɪ/tɕyɘɪ,5,墜惴膇贅綴畷
ʃuɘɪ/ɕyɘɪ,5,瑞睡稅說涚
kuɘɪ,5,貴桂匱癸
yɘɪ,5,睿
yɘɪ,5,銳帨
tʃʰuɘɪ/tɕʰyɘɪ,5,吹
tʰɘɪ,5,退蛻
si,5,細壻絮序敘漵
tsi,5,祭劑濟霽際穧嚌齊擠懠聚覰
i,5,意易冀劓肄異懿驥勩縊遺眙𤡬㓷裔羿曳枻泄翳瞖瘞袣殪豷曀衣㳿异詍翌翊憶熠
tɕi,5,記寄忌季覬悸暨企近跂惎洎芰塈𮪍穊其計繼薊髻既瘈鯚伎技妓屐
li,5,利莉吏淚詈痢莅荔禲戾例麗涖礪厲離儷勵唳蠣糲隸癘栵俐酈
ti,5,地德弟帝禘蒂棣第締諦遰杕髢娣睇螮悌揥嚏題
tɕʰi,5,器棄弃氣餼霼契憩愒禊揭偈炁
ȵi,5,義誼議藝睨詣泥囈乂刈毅蓺藙䛏
tʰi,5,替踶薙涕遞啻鬀鬄䶑
ɕi,5,戲繫系盻
pi,5,詖髲陂睥嬖
tsʰi,5,趣娶砌妻
pʰi,5,屁薜
mi,5,謎瞇
xaɪ,5,害廨懈解薤瀣亥
kaɪ,5,蓋壒丐界戒疥屆价齘玠介誡芥械蚧邂
laɪ,5,賴柰癩瀨籟奈糲𧶘耐鼐睞耏褦
taɪ,5,代貸戴黛岱逮靆瑇帒帶大埭殆待
kʰuaɪ,5,快蒯噲會薈膾獪旝襘禬檜澮鄶塊劊
ŋaɪ,5,愛靉礙曖靄藹艾隘噫餲僾
tʃaɪ/tsaɪ,5,在栽載再債瘵砦最磧
kʰaɪ,5,㮣概嘅慨欬溉愾愒摡
paɪ,5,拜敗湃粺
ʃaɪ/saɪ,5,曬寨賽塞
maɪ,5,邁賣勱蠆
tʃʰaɪ/tsʰaɪ,5,蔡瘥祭眦菜
pʰaɪ,5,派憊稗
tʰaɪ,5,泰太汏忲態
ʃuaɪ/ɕyaɪ,5,帥殺鎩
kuaɪ,5,怪夬
faɪ,5,壞
tʃʰuaɪ/tɕʰyaɪ,5,嘬
uaɪ,5,外
fu,5,附賦赴訃護互穫駙賻雇頀沍鮒枑瓠傅付濩祔富副負婦祜怙户岵父扈楛
tɕy,5,據懼著箸遽倨踞翥勮除醵鋸詎注駐具句註炷住鑄屢馵霔瞿屨拒距炬怇鉅秬苣虡巨岠柱拄窶颶蛀筯
y,5,遇寓饇裕諭嫗芋孺𥸤雨御譽馭豫與預飫淤櫖蕷瘀鸒女茹語洳澦棜禦
ɕy,5,署曙恕庶樹澍戍煦酗卌
u,5,務霧鶩騖誤悟寤晤忤汙惡捂婺迕戊
pu,5,布步捕哺酺怖抪埠部簿蔀
ku,5,固痼錮故顧凅
pʰu,5,仆鋪
kʰu,5,庫袴
tɕʰy,5,去處呿
lɵʊ,5,路鷺潞輅璐賂露簬漏陋鏤瘻瘺耨𨫒
tɵʊ,5,度渡妒鍍蠹鬭豆脰逗竇餖讀荳痘杜稌
kɵʊ,5,溝媾構覯冓詬雊鷇姤逅購句鱟𢐙㝅訽彀够垢郈
sɵʊ,5,素數泝訴塑嗉宿瘦潄瘶疏愫
tɕiɵʊ,5,救廐究舊疚柩桕臼咎舅
iɵʊ,5,宥柚幼佑祐右侑囿又鼬柚
ʃɵʊ,5,壽售受獸守狩首綬受
tsɵʊ,5,奏湊甃皺縐腠輳走助𧛸耡𨂡
tʃɵʊ,5,晝冑胄宙呪酎咮繇詛紂
siɵʊ,5,秀袖褎岫琇繡謏
kʰɵʊ,5,寇蔻扣
mɵʊ,5,茂懋戊袤姆貿瞀楙
xɵʊ,5,候堠覆復厚后富副後
tsʰɵʊ,5,措錯醋厝鷲驟蔟簉
liɵʊ,5,溜霤籀瘤廇𥥹
tʰɵʊ,5,兔菟透
ɕiɵʊ,5,臭齅溴
miɵʊ,5,謬繆
ɹ̠ɵʊ,5,糅輮
tsiɵʊ,5,就僦
ŋɵʊ,5,漚
iɑ,5,亞婭訝稏御
ɕiɑ,5,下夏暇罅𥕕
tʃʰɑ/tsʰɑ,5,蜡咤詫奼汊
fɑ,5,化華話畫獲槬
tʃɑ/tsɑ,5,詐乍醡榨咋鲊溠柵
pɑ,5,灞霸欛𥝧䆉垻杷耙叭
tɕiɑ,5,駕嫁價架稼
kuɑ,5,卦挂罣
mɑ,5,禡駡
kʰuɑ,5,胯跨
tɑ,5,大
pʰɑ,5,怕
ʃɑ/sɑ,5,嗄
ie,5,夜
ə,5,貮膩餌刵咡樲衈珥
tʃə,5,柘炙蔗這鷓
ʃə,5,赦射舍麝貰社
sie,5,謝榭卸
tsie,5,借藉
lin,5,令磷臨凌另
tsən,5,峻駿畯餕浚儁贈甑諍譖焌鐏𥊼睜
tsin,5,進晉燼藎瑨賮搢淨清穽靚盡靖靜
tʃən,5,震陣鎮振娠賑正政鄭枕沈證怔挋朕
ʃən,5,慎盛聖勝乘賸甚腎葚諶
tɕʰin,5,覲瑾僅殣饉墐磬罄慶輕鑋謦
ȵin,5,吝悋憗藺躪轥佞𬈿甯靳
yn,5,運暈韻餫鄆䩵潤閏詠泳禜熨
ɹ̠ən,5,刃仞軔酳牣訒妊任袵賃絍媵孕認
tɕin,5,敬境勁競竟獍脛徑近斤禁噤逕境
fən,5,奮糞分忿僨拚溷噴慁横諢混憤
tən,5,頓遯鈍鄧橙磴凳蹬隥沌炖
in,5,映迎應印飲蔭喑窨𢊖隱廕𢳃䤃
sən,5,徇殉𤀹沁㵕潠遜巽
sin,5,信訊迅汛性姓顖蕈
uən,5,問聞醖紊汶慍縕抆絻蘊娩
pʰin,5,擯儐鬢殯聘
tin,5,定釘飣錠掟訂
tɕyn,5,郡攟夐甽菌窘
pin,5,病柄幷並倂
tsʰən,5,儭櫬襯齔寸讖
ɕyn,5,舜瞬鬊蕣順訓
tʃʰən,5,趁疢鴆稱
ɕin,5,釁衅焮行興倖杏荇幸
kən,5,更亙艮堩
mən,5,悶孟盟
tsʰin,5,浸親靘濪
min,5,命暝
lən,5,論嫩
ŋən,5,硬
kʰuən,5,困
xən,5,恨
tʰin,5,聽
kuən,5,棍
pʰən,5,掽
tʰən,5,褪
pən,5,塴
fan,5,汎梵帆飯販𠆩氾范犯範
xan,5,翰漢汗悍扞旰瀚豻釬閈暵莧骭陷琀憾㡾陷
kan,5,諫閒澗鑑監榦洤紺灨幹檻
ŋan,5,岸案按晏鴈々鷃贗暗
tan,5,旦鴠憚彈擔澹淡憺䧟蛋癉柦疸怛但誕
man,5,漫幔縵慢嫚蔓
tsan,5,贊讚棧綻站賺蘸鏨暫
tsʰan,5,懺儳參粲璨燦鏟
kʰan,5,看衎勘磡闞瞰覸墈
san,5,散訕疝汕三
pʰan,5,絆盻扮襻𢴬鋬
uan,5,萬万曼卍
lan,5,濫懢纜難爛
pan,5,辦瓣湴
tʰan,5,歎炭
kuan,5,慣丱
tɔn,5,段鍛𣃔斷碫腶緞塅
kɔn,5,貫冠灌祼瓘鑵爟雚觀串矔
xɔn,5,喚煥奐渙漶患宦豢轘幻擐換
pʰɔn,5,畔判叛胖泮々拌牉
tsʰɔn,5,竄爨攛簒
ɔn,5,玩腕惋逭翫
pɔn,5,半靽伴
sɔn,5,蒜算
tsɔn,5,鑽
tʰɔn,5,彖褖
lɔn,5,亂薍
tsiɛn,5,賤箭洊栫餞臶濺薦壍僣槧荐牮漸
ʃɛn,5,扇煽膳禪擅鄯繕善贍謆騸墠
tiɛn,5,殿奠佃瑱甸靛電店墊驔癜阽簟坫
tɕyɛn,5,卷傳絹饌眷倦囀狷睊罥鄄譔掾券綣睠瑑牶縳駽篆撰
iɛn,5,燕醼宴嚥嬿堰豔厭灩爓饜掞鹽燄
yɛn,5,願怨遠愿院媛援瑗緣蝝縓苑
pʰiɛn,5,片卞徧汴弁忭抃騙
ɕiɛn,5,現俔縣見獻憲軒
tɕiɛn,5,見建健劍件鍵儉煡
ȵiɛn,5,念釅唸驗諺喭唁硯彥艌
liɛn,5,斂殮孌戀練楝鍊㝈煉湅
siɛn,5,線綫羨茜霰選旋先秈鏾
piɛn,5,變便窆辨辮辯
tʃɛn,5,戰顫占痁𧸪颭
ɕyɛn,5,眩炫衒絢眴
tɕʰiɛn,5,欠譴縴芡
miɛn,5,面麫眄瞑
tsʰiɛn,5,蒨倩綪
tɕʰyɛn,5,勸釧串
tʃɑʊ,5,詔召照瞾趙旐兆肇
tɑʊ,5,到導盜蹈纛悼燾倒翿道
tɕiɑʊ,5,校恔珓斅覺敎礉窖轎叫徼噭訆窔嘂較嶠蕌
tiɑʊ,5,釣調掉淖弔藋棹櫂趠吊窵
pɑʊ,5,報暴瀑菢豹爆鉋鞄臑抱鮑齙颮
tsʰɑʊ,5,造操躁噪譟趮慥糙燥懆
ŋɑʊ,5,傲奡奧隩懊抅樂拗坳澆
ɕiɑʊ,5,孝效傚効
mɑʊ,5,貌帽冒媢耄芼眊瑁旄
pʰiɑʊ,5,漂慓驃僄剽票膘鰾飄
iɑʊ,5,要耀鷂曜燿
xɑʊ,5,號好耗秏
siɑʊ,5,笑嘯肖䐹歗
ʃɑʊ,5,少邵劭燒邵紹
tʰiɑʊ,5,糶眺脁頫跳艞蓧朓
pʰɑʊ,5,礮皰𣕅泡
tsɑʊ,5,罩竈皁
kɑʊ,5,告誥郜膏
liɑʊ,5,料燎療廖
tsiɑʊ,5,醮噍僬爝釂
tsʰiɑʊ,5,誚韒峭
sɑʊ,5,哨稍埽
miɑʊ,5,廟妙繆
lɑʊ,5,鬧橈勞澇
kʰɑʊ,5,犒靠
tɕʰiɑʊ,5,竅
ȵiɑʊ,5,尿蔦
tʰɑʊ,5,套
ɹ̠ɑʊ,5,撓
piɑʊ,5,裱
to,5,惰媠䭾大剁舵柁嶞墮
tsʰo,5,銼挫剉蓌莝胙阼祚酢怍錯柞
mo,5,慕暮墓募磨幕
xo,5,賀貨和禍縛
ko,5,箇過个
tso,5,佐座坐左作
kʰo,5,課柯堁騍軻
lo,5,懦稬那邏
ŋo,5,餓卧涴
tʰo,5,唾
so,5,些
pʰo,5,破
ʃɿ˗,7,實失石適射奭碩鼫襫釋祏溼十拾什食蝕識寔飾軾式拭
tʃɿ˗,7,質櫛姪蛭隲窒鑕郅桎庢挃銍礩秷櫍咥職直織陟湜埴殖樴植炙隻蹠摭汁執縶蟄跖
tʃʰɿ˗,7,秩帙紩柣叱勑鷘飭尺赤斥擲躑螫
ɹ̠ɿ˗,7,日衵馹
si,7,息熄衋洫侐舄穸惜昔腊踖蓆汐磶唶潟席夕恤膝悉戍錫析皙淅殈蜥習襲隰褶媳蟋鄎裼晰
i,7,一壹鎰𨓜溢軼𩾐佾泆乙抶邑揖唈裛浥熠悒挹翼億臆憶翊杙弋抑㚤繶檍醷翌意驛液易益掖懌腋奕襗弈帟譯斁亦嶧埸醳繹鷊虉鷁艗凹
li,7,立笠粒苙力律栗慄鷸驈獝潏遹繘篥凓聿鴥䌇矞厯櫪靂轣藶癧瀝䍥礫櫟轢躒濼皪膟酈
ti,7,笛敵鏑翟覿逖糴狄荻的菂適嫡啇蹢籊弔趯靮逷滴
tɕi,7,吉佶姞急給及級笈汲吸伋岌鈒極棘亟殛僰襋擊激檄扱劇
tsi,7,緝輯戢集葺濈𧤏籍藉㦸積幘磧瘠鯽蹐塉脊即稷疾嫉唧蒺堲績勣蹟檝
pi,7,畢筆必蹕韠觱罼珌篳逼楅湢疈愊腷璧碧壁甓鬲蓽㓖滭
pʰi,7,闢僻辟癖擗擘躃霹襞匹弼愎澼疋
mi,7,蜜密佖泌謐苾駜鉍飶蔤覓冪汨塓邲怭鼏幦簚
ɕi,7,翕潝泣歙隙郤綌闐肸覡鬩虩湇闟郹湨
tʰi,7,廸滌倜踢剔惕逷蜴
tɕʰi,7,乞訖吃仡迄汔屹喫
ȵi,7,匿嶷暱惄溺虉鷊逆
tsʰi,7,七柒漆々々崒䜉寂
tsʰi,7,慼鉞踧墄磩刺㓼
fu,7,服福腹伏轂復幅斛馥覆縠輻洑鵩箙複蝠福菔匐槲葍茯栿副偪虙佛拂紱黻綍韍茀髴祓勿欻沕怫艴刜咈笏忽惚紼笰袱芾
y,7,入廿域緎棫淢罭閾魊蜮彧役疫鬱熨菀蔚祋垼
pʰu,7,卜僕扑瀑曝醭濮勃浡渤馞孛璞樸墣𢷏幞踣
tɕy,7,菊椈鞫鞠踘毱跼局挶輂橘侷椈
ku,7,谷穀鵠梏牿告嚳骨鶻搰汩榖
kʰu,7,哭酷𥧊堀掘
ɕy,7,述朮術秫怵
tɕʰy,7,出黜屈詘崛倔絀窋
u,7,屋物
pu,7,不
lɵʊ,7,六䘵鹿陸戮麓漉碌娽簏轆稑穋琭𦪇䍡盝僇蓼錄綠淥醁籙騄菉角
ɹ̠ɵʊ,7,肉燠澳煜毓朒薁昱育鬻郁䐿玉辱獄欲浴縟蓐慾溽鄏鵒鸑噢𣋉月
sɵʊ,7,宿肅縮速蔌蓿𣙙夙蹜觫鱐洓餗謖俗讀簌藚
tɵʊ,7,讀瀆獨犢匵殰碡黷讟牘毒督篤纛韣
tsʰɵʊ,7,族蹙鏃蹴簇蔟踧瘯促猝窣捽椊
ʃɵʊ,7,叔孰熟菽淑俶塾倏贖劚屬矚
tʃʰɵʊ,7,逐軸矗柚舳蓫髑束觸蠋歜躅妯臅
tʃɵʊ,7,竹粥竺祝築筑柷燭蜀
ɕiɵʊ,7,畜蓄慉勖頊旭搐鄐
tʰɵʊ,7,禿突腯揬
tsɵʊ,7,卒足々
tɕʰiɵʊ,7,麴曲
ȵiɵʊ,7,䶊恧
siɵʊ,7,粟
iɑ,7,押鴨壓魘靨揠
ɕiɑ,7,狹峽硤狎筴匣柙篋頰俠愜勰莢浹挾鋏霅蛺舝瞎閘梜
tɕiɑ,7,甲胛郟鉀夾戛嘎
lɑ,7,納臘蠟衲軜訥吶豽剌辣邋
fɑ,7,法乏髮伐罰發閥猾滑筏
tɑ,7,達闥澾撻劄答搭鞳荅嗒妲薘𨨹褡
tʰɑ,7,塔榻搨誻闒遝嚃踏獺䍇濕
kuɑ,7,括聒栝筈适佸鴰摑刮
tʃʰɑ/tsʰɑ,7,察刹鍤歃插扱擦
pʰɑ,7,拔鈸跋魃茇軷
tɕʰiɑ,7,洽袷祫帢恰掐跲姶蛤
ʃɑ/sɑ,7,薩摋霎箑卅颯翣蔡
uɑ,7,韈襪穵
tʃɑ/tsɑ,7,拉帀搚扎軋蚻
tʃɑ/tsɑ,7,雜紮茁
pɑ,7,八捌扒哵
ʃɑ/sɑ,7,殺閷
mɑ,7,抹袜帓
ʃua/ɕya,7,刷
ie,7,謁葉曄𠉪厭擖咽噎暍腌饁𥣘頁乙
tɕye,7,厥蹶蕨掘橜咄劂棁撅決拙訣譎玦綴鴂抉醊惙掇輟棁啜歠畷準觼趹鴃駃獗嶡崛鵙
ȵie,7,臬闑齧隉揑讞湼孽蘗鍥蘖臲捻苶業鄴嶪檗敜
ŋə,7,額戹啞阨軛搤兀軏杌扤卼阢詻砨呃
tie,7,疊牒蝶堞諜蹀屧楪喋韘艓惵鍱䐑跕𬇇媟耋絰跌垤咥渫迭瓞凸揲詄抶褶
tsə,7,賊側則萴昃仄幘窄責嘖赜摘謫簀畟蚱舴
tɕie,7,結潔纈襭頡擷揭孑偈桀絜拮挈蛣碣羯訐楬黠秸桔袺劼契
pə,7,白柏百帛珀陌伯擘北匐捭舶佰
tɕʰie,7,竭蠍傑朅怯劫蜐刦
sie,7,屑雪褻契泄楔紲辥𤑔燮躞暬洩焫緤
ye,7,月刖粵鉞狘曰越樾𤍠悦閲
lə,7,埒捩鋝勒肋泐扐阞仂氻
tsʰə,7,澤冊宅策拆測惻册栅筴
xə,7,黑劾核覈赫嚇驀紇齕犵
mə,7,麥貊貘莫覛霢脈墨纆默眽剨
sə,7,色嗇穡塞瑟蝨歰濇
kuə,7,國馘蟈幗摑虢膕
kʰə,7,刻剋克客咳髂
tʰə,7,特慝螣忒犆
kə,7,格隔膈骼觡革鬲翮
ɕie,7,穴泬血歇協脅協叶
ʃə,7,舌設衱葉涉聶攝懾躡籋鑷讘澨
lie,7,列烈劣裂洌々茢蛚𤢪𩮻躐
tsie,7,節絶癤蕝接椄楫
tʃʰə,7,撤掣轍撤澈輒𦛖
tʃə,7,哲折浙慴摺襵讋摭䇽𧋍𤮱
tʰie,7,貼怗蝶貼鐵餮驖
pʰie,7,別龞撇瞥鷩嫳
tsʰie,7,妾捷箑倢睫婕切竊截
pʰə,7,迫拍魄帕泊
mie,7,滅蔑𥯣衊蠛幭
tɕʰye,7,缺觖闋闕
tə,7,德得
ɕye,7,說
to,7,奪度踱
xo,7,曷活褐豁喝鞨鶡毼鶴縛矱穫鑊藿霍郝蠖臛貉雘謞嗃合閤闔鴿盍欱韐嗑榼葢溘或惑畫獲熇翯盒蛤蝎瞌濩頜
mo,7,木目牧沐繆睦霂苜穆楘鶩漠莫幕鏌摸膜瘼瞙末沫秣沒歿邈靺茉妺
io,7,若藥約鑰礿瀹龠籥爚躍鄀婼犖嶽岳樂鸑
tso,7,琢捉斲濯齪娖椓擢鐲濁諑浞涿噣作攫鑿貜臄玃噱啄撮
po,7,薄博亳箔魄博鎛鑮礴髆粕泊膊撥鉢鱍襏䃗剝駮雹駁襮餺
ko,7,郭閣鞟廓各霩角埆捔桷較割葛轕胳瑴斡擴
ŋo,7,沃鋈搦幄握喔渥偓堮萼噩鱷愕鍔崿咢鶚諤閼遏腭鄂齷
kʰo,7,㩁榷殻慤確壑涸恪彍闊
ʃo,7,芍妁彴鑠爍勺杓禚灼繳钁躒汋趵𧘑炤
lo,7,落諾絡洛烙駱酪樂珞犖捋笿袼雒
tʰo,7,託拓柝蘀籜鐸橐脱怛漯袥庹托汑
tʃo,7,卓倬斮踔著斫焯辵戳桌綽
so,7,朔槊數率帥蟀索𢱢鎍
ȵio,7,弱虐瘧謔篛箬
tɕʰio,7,覺鷽珏躩矍卻
tsʰo,7,昨苲柞錯酢怍碏𥯩
tsio,7,爵嚼爝皭燋灂穱穛
lio,7,略掠剠
o,7,惡堊
tsʰio,7,雀鵲
tɕio,7,腳屩
pʰo,7,𢷏
sio,7,削
ɕio,7,學